{"Camera0": {"stream": 0, "projection_error": 0.21104035106037347, "camera_matrix": [[597.3246725805162, 0.0, 316.3138445909736], [0.0, 600.6264676745856, 240.4740078039839], [0.0, 0.0, 1.0]], "distortion": [[-0.4896658384173645, 0.3171688627480028, -0.004326565833919093, 0.00269450943092525, -0.05758619783571186]], "optimized_camera_matrix": [[469.3490757420185, 0.0, 319.016495200291], [0.0, 473.1494539178907, 236.81300863150375], [0.0, 0.0, 1.0]]}, "Camera1": {"stream": 1, "projection_error": 0.2594166174586542, "camera_matrix": [[608.0962973700831, 0.0, 305.4514227977483], [0.0, 609.570483384219, 254.674816446872], [0.0, 0.0, 1.0]], "distortion": [[-0.4934661642709842, 0.2871387404430442, -0.0029885286897320504, 0.00012757575061998294, -0.045272828424818015]], "optimized_camera_matrix": [[472.2069452274704, 0.0, 302.4424577150269], [0.0, 469.92979153348074, 253.70517622147213], [0.0, 0.0, 1.0]]}, "Camera0_720": {"stream": 0, "resolution": [720, 1280], "projection_error": 0.24341552301230893, "camera_matrix": [[604.8787840909338, 0.0, 622.9162853913159], [0.0, 607.826237093443, 359.93430840596983], [0.0, 0.0, 1.0]], "distortion": [[-0.010924022977833984, 0.052021389027243466, 0.0001781609117244662, 0.003168476793225268, -0.0648900287918463]], "optimized_camera_matrix": [[398.6812687264828, 0.0, 756.172520497135], [0.0, 454.1189586716269, 369.4597976715619], [0.0, 0.0, 1.0]], "fisheye": true, "fisheye_camera_matrix": [[657.6166674607607, 0.0, 617.2093512844863], [0.0, 659.2372727165463, 374.1290291773248], [0.0, 0.0, 1.0]], "fisheye_distortion": [[-0.004707472083887115, 0.059799267014523316, 0.0033327296589171613, -0.00010831255903570793, -0.06837195997078283]], "fisheye_optimized_camera_matrix": [[573.0711495947804, 0.0, 591.0168863328264], [0.0, 576.9369731794287, 362.8784111220492], [0.0, 0.0, 1.0]]}, "Camera1_720": {"stream": 1, "resolution": [720, 1280], "projection_error": 0.24546285615395524, "camera_matrix": [[902.0963556194632, 0.0, 710.1275779505465], [0.0, 907.2940004969355, 305.77632386567313], [0.0, 0.0, 1.0]], "distortion": [[-0.001727953574772585, -0.05874387110283442, 0.0004109716737446395, 0.0013491014986290934, 0.32055515454814]], "optimized_camera_matrix": [[925.7169928675293, 0.0, 702.0937081361785], [0.0, 906.9229938909198, 306.12143844704127], [0.0, 0.0, 1.0]], "fisheye": true, "fisheye_camera_matrix": [[596.5605703956231, 0.0, 639.52904639024], [0.0, 597.2793405625927, 364.8285523770462], [0.0, 0.0, 1.0]], "fisheye_distortion": [[-0.015526231996392121, 0.02913494947535959, -0.007525943248281264, 0.01214207734386091, -0.021194368605618213]], "fisheye_optimized_camera_matrix": [[550.2863171399375, 0.0, 691.183274129017], [0.0, 534.6500256162893, 346.54692487398273], [0.0, 0.0, 1.0]]}, "Camera0_1080": {"stream": 0, "resolution": [1080, 1920]}, "Camera1_1080": {"stream": 1, "resolution": [1080, 1920]}}