{"Camera0": {"stream": 0, "projection_error": 0.50395412921987, "camera_matrix": [[711.3381359887007, 0.0, 208.1225341951683], [0.0, 735.4307894671958, 251.26424017108423], [0.0, 0.0, 1.0]], "distortion": [[-0.6828050243308353, 0.9921984366717784, 0.0019406935196408673, 0.07045774175724098, -1.7998320374567165]], "rvecs": [[[0.06352384938427912], [0.20395141244309717], [1.580313837085085]], [[0.1822352248781158], [0.2270032752690751], [1.576272087319907]], [[-0.20662619795038709], [0.27879199316137615], [-1.5547582701669191]], [[-0.06326609666339794], [0.1176630936048757], [-1.5603762546893136]], [[0.237658176112008], [0.2823328798835962], [1.568395365608469]]], "tvecs": [[[0.06038515583902813], [-0.031455446643501236], [0.1741976441006342]], [[0.04418136978767572], [-0.03175498589550349], [0.17824993813438575]], [[-0.0066270936425737925], [0.027489064870900547], [0.18178542873808323]], [[0.03367881736152059], [0.015954627644395054], [0.17573680649092555]], [[0.030313705715796967], [-0.03510386520512974], [0.18201643201073422]]]}, "Camera1": {"stream": 1, "projection_error": 0.14093554708899192, "camera_matrix": [[560.9017026621406, 0.0, 344.0679284324791], [0.0, 559.5933379781638, 222.06194922711353], [0.0, 0.0, 1.0]], "distortion": [[-0.4618832059946814, 1.2797027931858926, 0.0027367927627937197, -0.0180528196727843, -3.4191730708374264]], "rvecs": [[[0.039798822416000953], [0.131029295276025], [1.5745919585639914]], [[0.04991947837716403], [0.1313990893510496], [1.5740160725264403]], [[-0.13956218990900351], [0.13214590773262447], [-1.5303773835431662]], [[-0.2735547203555535], [0.150643163919402], [-1.5373092006626434]], [[0.013865656000232011], [0.5025463751217654], [1.3238678477127253]]], "tvecs": [[[0.052427281328864074], [-0.012171111725403345], [0.1533845542660654]], [[0.010688110503870338], [-0.028147444059530062], [0.16666907472267095]], [[-0.0392075700006384], [0.032588830837836084], [0.1741938161891822]], [[-0.026992927808219287], [0.037195399334477935], [0.23622130853262577]], [[0.058816461498794555], [-0.009834100122124236], [0.2238237305360657]]]}}