{"Camera0": {"stream": 0, "projection_error": 0.19371764798803837, "camera_matrix": [[582.1979494369427, 0.0, 321.7431401373359], [0.0, 583.2875221458352, 232.30624229712632], [0.0, 0.0, 1.0]], "distortion": [[-0.4594746195659832, 0.2846939593765742, 0.0002281335833936118, 0.0007876223191055779, -0.10881282375148547]], "rvecs": [[[-0.14032856732372528], [-0.052463289569429215], [1.5558027470066362]], [[-0.26649137197029105], [-0.15133970786851078], [1.541415679795239]], [[0.18928807220856853], [0.1888176284844004], [1.5674211432355087]], [[0.22230400692615276], [0.28635083294910374], [1.5346812530003409]], [[-0.002279015905488881], [-0.11780542156350564], [-1.5649629846692312]], [[-0.18692132745247414], [-0.05785841435219563], [1.5739838648937405]], [[-0.06210552983624089], [-0.05769240869065125], [-1.565867110105855]], [[-0.05871343644100575], [0.04993646301646702], [1.5603294293700791]], [[-0.08075719979207696], [0.06129533610798249], [1.5642709501325425]], [[-0.19696002285116676], [-0.057250276262952114], [1.5539963606847027]]], "tvecs": [[[0.07816212376213565], [-0.05212049606694876], [0.2813702388914688]], [[0.046859077104180795], [-0.07609580591962968], [0.3005328473860508]], [[0.10522368422098614], [-0.06935382643062733], [0.2546808128107425]], [[0.11569080232806458], [-0.039106575408259084], [0.26553548958103473]], [[-0.13850216138483826], [0.09682724517493894], [0.27423881824573654]], [[0.0940825965726642], [-0.06367585149014902], [0.1983413021569093]], [[-0.11735389247997724], [0.048879768707461094], [0.1869706578971681]], [[0.08815041372698233], [-0.07944669449845433], [0.20513510712872718]], [[0.10859482562576357], [-0.0454629213285421], [0.22566804353812134]], [[0.06620833205731551], [-0.04627204935211548], [0.23126184149646367]]], "second_projection_error": 0.19371764798803837, "second_camera_matrix": [[582.1979494369427, 0.0, 321.7431401373359], [0.0, 583.2875221458352, 232.30624229712632], [0.0, 0.0, 1.0]], "second_distortion": [[-0.4594746195659832, 0.2846939593765742, 0.0002281335833936118, 0.0007876223191055779, -0.10881282375148547]], "second_rvecs": [[[-0.14032856732372528], [-0.052463289569429215], [1.5558027470066362]], [[-0.26649137197029105], [-0.15133970786851078], [1.541415679795239]], [[0.18928807220856853], [0.1888176284844004], [1.5674211432355087]], [[0.22230400692615276], [0.28635083294910374], [1.5346812530003409]], [[-0.002279015905488881], [-0.11780542156350564], [-1.5649629846692312]], [[-0.18692132745247414], [-0.05785841435219563], [1.5739838648937405]], [[-0.06210552983624089], [-0.05769240869065125], [-1.565867110105855]], [[-0.05871343644100575], [0.04993646301646702], [1.5603294293700791]], [[-0.08075719979207696], [0.06129533610798249], [1.5642709501325425]], [[-0.19696002285116676], [-0.057250276262952114], [1.5539963606847027]]], "second_tvecs": [[[0.07816212376213565], [-0.05212049606694876], [0.2813702388914688]], [[0.046859077104180795], [-0.07609580591962968], [0.3005328473860508]], [[0.10522368422098614], [-0.06935382643062733], [0.2546808128107425]], [[0.11569080232806458], [-0.039106575408259084], [0.26553548958103473]], [[-0.13850216138483826], [0.09682724517493894], [0.27423881824573654]], [[0.0940825965726642], [-0.06367585149014902], [0.1983413021569093]], [[-0.11735389247997724], [0.048879768707461094], [0.1869706578971681]], [[0.08815041372698233], [-0.07944669449845433], [0.20513510712872718]], [[0.10859482562576357], [-0.0454629213285421], [0.22566804353812134]], [[0.06620833205731551], [-0.04627204935211548], [0.23126184149646367]]]}, "Camera1": {"stream": 1, "projection_error": 0.2182024162453279, "camera_matrix": [[598.1297330886185, 0.0, 312.4495750749155], [0.0, 599.8844167553297, 243.34310660870355], [0.0, 0.0, 1.0]], "distortion": [[-0.4765418485979717, 0.2877933284378084, 0.003598960845388295, -0.0012973139726465837, -0.09725962235276527]], "rvecs": [[[0.027350025949980393], [0.09968972229946844], [-1.5768614167286041]], [[-0.06872166772251942], [0.19858224930392698], [-1.5556901978754607]], [[-0.0913657949419389], [0.1940539348119602], [-1.615001968525721]], [[0.063711602215655], [0.1080872882935046], [1.534386286022453]], [[0.05918597231189402], [0.08756010616712628], [1.5506274472666868]], [[0.048995944520209424], [-0.06578498775940611], [1.5543604685351458]], [[0.07796828601460336], [0.009337846529723635], [1.5417730320028926]], [[0.05337646442710364], [-0.03288077342640122], [1.5682961254493897]], [[-0.021457435949370884], [0.097694987961426], [-1.583828596336742]], [[0.026197471889710017], [-0.06857168123545662], [1.5524658727583198]]], "tvecs": [[[-0.08594160172863081], [0.0623487823380002], [0.17977075063346495]], [[-0.10114048027854755], [0.053886391012572483], [0.20020557124907523]], [[-0.09076645180271378], [0.06550121893899244], [0.19744847083044817]], [[0.06958015671359906], [-0.05914450062303389], [0.17677346967636082]], [[0.09639556823412776], [-0.06341097919629377], [0.17410648267944015]], [[0.07576227125233023], [-0.07190628435700337], [0.17564399306701073]], [[0.10193894197174315], [-0.05915711454567581], [0.18115905552526984]], [[0.08887916921092986], [-0.06283865835832005], [0.16597688481209327]], [[-0.08246869500419712], [0.06102803978910366], [0.20556836826264266]], [[0.09387100130259815], [-0.07482859663726037], [0.19025573278680225]]], "second_projection_error": 0.2182024162453279, "second_camera_matrix": [[598.1297330886185, 0.0, 312.4495750749155], [0.0, 599.8844167553297, 243.34310660870355], [0.0, 0.0, 1.0]], "second_distortion": [[-0.4765418485979717, 0.2877933284378084, 0.003598960845388295, -0.0012973139726465837, -0.09725962235276527]], "second_rvecs": [[[0.027350025949980393], [0.09968972229946844], [-1.5768614167286041]], [[-0.06872166772251942], [0.19858224930392698], [-1.5556901978754607]], [[-0.0913657949419389], [0.1940539348119602], [-1.615001968525721]], [[0.063711602215655], [0.1080872882935046], [1.534386286022453]], [[0.05918597231189402], [0.08756010616712628], [1.5506274472666868]], [[0.048995944520209424], [-0.06578498775940611], [1.5543604685351458]], [[0.07796828601460336], [0.009337846529723635], [1.5417730320028926]], [[0.05337646442710364], [-0.03288077342640122], [1.5682961254493897]], [[-0.021457435949370884], [0.097694987961426], [-1.583828596336742]], [[0.026197471889710017], [-0.06857168123545662], [1.5524658727583198]]], "second_tvecs": [[[-0.08594160172863081], [0.0623487823380002], [0.17977075063346495]], [[-0.10114048027854755], [0.053886391012572483], [0.20020557124907523]], [[-0.09076645180271378], [0.06550121893899244], [0.19744847083044817]], [[0.06958015671359906], [-0.05914450062303389], [0.17677346967636082]], [[0.09639556823412776], [-0.06341097919629377], [0.17410648267944015]], [[0.07576227125233023], [-0.07190628435700337], [0.17564399306701073]], [[0.10193894197174315], [-0.05915711454567581], [0.18115905552526984]], [[0.08887916921092986], [-0.06283865835832005], [0.16597688481209327]], [[-0.08246869500419712], [0.06102803978910366], [0.20556836826264266]], [[0.09387100130259815], [-0.07482859663726037], [0.19025573278680225]]]}}