{"Setup Aachen 1": {"cameras": ["Camera0", "Camera1"], "monitor_center": [0, 0, 0], "monitor_normal": [0, 0, 1], "monitor_rotation": [0, 1, 0], "stereo_calibration_error": 3.477198795424762, "translation_matrix": [[0.029915445872473335], [0.005117291015254188], [-0.07735679145887506]], "rotation_matrix": [[0.9651918823105553, 0.0025611184605124774, -0.26153024871711933], [0.004603962345185407, 0.999630739173231, 0.0267803814518005], [0.26150226357056866, -0.027052282199678597, 0.9648236834651489]]}}