{"Setup Aachen 1": {"cameras": ["Camera0", "Camera1"], "monitor_center": [0, 0, 0], "monitor_normal": [0, 0, 1], "monitor_rotation": [0, 1, 0], "stereo_calibration_error": 0.6417404949132965, "translation_matrix": [[-0.1162868035148816], [-0.0008483544953089372], [0.010061615619609207]], "rotation_matrix": [[0.9996902630027911, -0.02126329862696573, -0.012932524460096486], [0.020964472175258896, 0.9995197741815864, -0.02281911318178881], [0.013411523545940343, 0.022540921708993394, 0.9996559597604997]]}}