{"Setup Aachen 1": {"cameras": ["Camera0", "Camera1"], "monitor_center": [0, 0, 0], "monitor_normal": [0, 0, 1], "monitor_rotation": [0, 1, 0], "stereo_calibration_error": 0.5517776887558893, "translation_matrix": [[0.13245351618804846], [0.002728366317628536], [0.00978859525780606]], "rotation_matrix": [[0.9995058807594522, -0.0038558867629246807, -0.031194974988661795], [0.004545754025890299, 0.9997460032086217, 0.022074084097027172], [0.031101936396434143, -0.02220498155049961, 0.9992695373855516]], "transform_matrix": [[0.03420612428724445, -0.2789351989670163, 0.9597005240378254, 0.0006480309867227807], [0.002155068047250137, -0.9602396515891539, -0.27916870741122063, 0.21977947032403244], [-0.9994124757791235, -0.011617499437100793, 0.032244952533251756, -0.07882631428415765], [0.0, 0.0, 0.0, 1.0]]}, "Setup Aachen 1 720": {"cameras": ["Camera0_720", "Camera1_720"], "monitor_center": [0, 0, 0], "monitor_normal": [0, 0, 1], "monitor_rotation": [0, 1, 0], "stereo_calibration_error": 0.8827914747462107, "translation_matrix": [[-0.04503619630157245], [0.03138792782651017], [0.1968769804487693]], "rotation_matrix": [[0.9999039952043995, -0.00422808979327834, -0.013195591346360572], [0.0041387524038073425, 0.9999683812822379, -0.00679022564581316], [0.013223883802429202, 0.00673496046618355, 0.9998898785389814]]}, "Setup Aachen 1 1080": {"cameras": ["Camera0_1080", "Camera1_1080"], "monitor_center": [0, 0, 0], "monitor_normal": [0, 0, 1], "monitor_rotation": [0, 1, 0], "stereo_calibration_error": 3.660659898791096, "translation_matrix": [[-0.16868772728585965], [-0.009246754979515074], [-0.016989930578651564]], "rotation_matrix": [[0.9977615857843659, 0.005464914038243719, 0.06664797557031951], [-0.0003145248681906687, 0.9970276177265197, -0.07704434154879973], [-0.06687091301286824, 0.07685092195371131, 0.9947975757849885]], "transform_matrix": [[-0.042207912995405716, -0.19524556716679115, 0.979845733053061, -0.015449090939640475], [0.03481252505081599, -0.9804115869119127, -0.1938587329692727, 0.2134415254125893], [-0.9985021683402387, -0.025928531593278372, -0.0481781181581205, 0.10082322988691203], [0.0, 0.0, 0.0, 1.0]]}}