{"Setup Aachen 1": {"cameras": ["Camera0", "Camera1"], "monitor_center": [0, 0, 0], "monitor_normal": [0, 0, 1], "monitor_rotation": [0, 1, 0], "stereo_calibration_error": 0.5517776887558893, "translation_matrix": [[0.13245351618804846], [0.002728366317628536], [0.00978859525780606]], "rotation_matrix": [[0.9995058807594522, -0.0038558867629246807, -0.031194974988661795], [0.004545754025890299, 0.9997460032086217, 0.022074084097027172], [0.031101936396434143, -0.02220498155049961, 0.9992695373855516]], "transform_matrix": [[0.03420612428724445, -0.2789351989670163, 0.9597005240378254, 0.0006480309867227807], [0.002155068047250137, -0.9602396515891539, -0.27916870741122063, 0.21977947032403244], [-0.9994124757791235, -0.011617499437100793, 0.032244952533251756, -0.07882631428415765], [0.0, 0.0, 0.0, 1.0]]}, "Setup Aachen 1 720": {"cameras": ["Camera0_720", "Camera1_720"], "monitor_center": [0, 0, 0], "monitor_normal": [0, 0, 1], "monitor_rotation": [0, 1, 0], "stereo_calibration_error": 0.8827914747462107, "translation_matrix": [[-0.04503619630157245], [0.03138792782651017], [0.1968769804487693]], "rotation_matrix": [[0.9999039952043995, -0.00422808979327834, -0.013195591346360572], [0.0041387524038073425, 0.9999683812822379, -0.00679022564581316], [0.013223883802429202, 0.00673496046618355, 0.9998898785389814]]}, "Setup Aachen 1 1080": {"cameras": ["Camera0_1080", "Camera1_1080"], "monitor_center": [0, 0, 0], "monitor_normal": [0, 0, 1], "monitor_rotation": [0, 1, 0], "stereo_calibration_error": 1.233072123066711, "translation_matrix": [[-0.20811521197528912], [0.0042100376715546945], [-0.027235199274347175]], "rotation_matrix": [[0.9974319765209461, 0.027520602158652457, 0.06612162029430416], [-0.020475411286215488, 0.9942658906665746, -0.10495759233930356], [-0.06863096783653339, 0.1033341914074344, 0.992276088162963]], "transform_matrix": [[0.02721363713450753, -0.014441374271211282, -0.9995253196708277, 0.9795900305028651], [0.03562469417982692, -0.9992464644863389, 0.015407283217538826, 0.2104466399336985], [-0.9989946441890992, -0.036027072052977574, -0.026678661150522476, 0.146333762999554], [0.0, 0.0, 0.0, 1.0]]}}